{
  "K3": {
    "semred": {
      "MMR-LLM": {
        "mean_delta": -0.04409250046895898,
        "lo": -0.0577859874304546,
        "hi": -0.03070999952033163,
        "p_pos": 0.0
      },
      "BM25-LLM": {
        "mean_delta": -0.03355467400473097,
        "lo": -0.046130886000405616,
        "hi": -0.021179916630296614,
        "p_pos": 0.0
      },
      "LLM-Random": {
        "mean_delta": 0.16186909356248982,
        "lo": 0.14135555114833287,
        "hi": 0.18218124099527958,
        "p_pos": 1.0
      }
    },
    "semcov": {
      "MMR-LLM": {
        "mean_delta": 0.002256389718124832,
        "lo": -0.0008978301945371904,
        "hi": 0.005354216310425081,
        "p_pos": 0.9201
      },
      "BM25-LLM": {
        "mean_delta": 0.002292955828749615,
        "lo": -0.0009621467117382132,
        "hi": 0.005533341089452522,
        "p_pos": 0.9176
      },
      "LLM-Random": {
        "mean_delta": 0.018078093395392965,
        "lo": 0.01168429712521965,
        "hi": 0.025111079204395627,
        "p_pos": 1.0
      }
    }
  },
  "K5": {
    "semred": {
      "MMR-LLM": {
        "mean_delta": -0.032779682287271475,
        "lo": -0.0416535427124388,
        "hi": -0.023940826891988953,
        "p_pos": 0.0
      },
      "BM25-LLM": {
        "mean_delta": -0.02260113736425621,
        "lo": -0.030257996116643367,
        "hi": -0.015033138296634392,
        "p_pos": 0.0
      },
      "LLM-Random": {
        "mean_delta": 0.12117229821025462,
        "lo": 0.10880021898210913,
        "hi": 0.13345384982940942,
        "p_pos": 1.0
      }
    },
    "semcov": {
      "MMR-LLM": {
        "mean_delta": 0.0003985931044039519,
        "lo": -0.0019148428241411845,
        "hi": 0.0026809338620607396,
        "p_pos": 0.639
      },
      "BM25-LLM": {
        "mean_delta": -3.6242992981620455e-05,
        "lo": -0.002242805871410646,
        "hi": 0.0022013476598953855,
        "p_pos": 0.4842
      },
      "LLM-Random": {
        "mean_delta": 0.008650539232336956,
        "lo": 0.005534814224726912,
        "hi": 0.011771497724280839,
        "p_pos": 1.0
      }
    }
  }
}