{
  "meta": {
    "run_tag": "exp1",
    "model_kind": "openai",
    "model_name": "gpt-5-mini",
    "n_examples_used": 345,
    "keep_list": [
      3,
      4,
      5,
      6
    ],
    "mmr_lambda_exp1": 0.7,
    "doc_view_chars": 600,
    "query_trunc_chars": 400,
    "random_seed": 2026,
    "llm_order_seed_base": 0,
    "llm_fallback_rate": 0.0,
    "llm_avg_calls": 1.0,
    "run_name": "gpt",
    "model_name_full": "gpt-5-mini",
    "openai_json_mode": true,
    "openai_max_completion_tokens": 2000
  },
  "by_keep": {
    "3": {
      "bm25": {
        "cov_raw": 0.6431180499124477,
        "cov_cont": 0.5864374033127099,
        "red_cont": 0.10760963954191281,
        "sum_rec": 0.24063090995697015
      },
      "mmr": {
        "cov_raw": 0.64319576801222,
        "cov_cont": 0.5865823308489417,
        "red_cont": 0.10287013613338057,
        "sum_rec": 0.23990373299415613
      },
      "llm": {
        "cov_raw": 0.6122123388878933,
        "cov_cont": 0.5361733851995893,
        "red_cont": 0.11857293607608897,
        "sum_rec": 0.23905579350036613
      },
      "rand": {
        "cov_raw": 0.5426424626075691,
        "cov_cont": 0.4401029932186766,
        "red_cont": 0.08781697124845524,
        "sum_rec": 0.2146603351220902
      },
      "agreement": {
        "jacc_llm_bm25": 0.48202898550724643,
        "jacc_llm_mmr": 0.4736231884057971,
        "jacc_llm_rand": 0.26521739130434785
      }
    },
    "4": {
      "bm25": {
        "cov_raw": 0.6670284823856252,
        "cov_cont": 0.5987037748572404,
        "red_cont": 0.10375524854016593,
        "sum_rec": 0.2821988960781883
      },
      "mmr": {
        "cov_raw": 0.666430379282237,
        "cov_cont": 0.5988970115722162,
        "red_cont": 0.09741647180991383,
        "sum_rec": 0.2824109439297738
      },
      "llm": {
        "cov_raw": 0.6441052740951068,
        "cov_cont": 0.5622195048032094,
        "red_cont": 0.11207718315012612,
        "sum_rec": 0.2827984407839426
      },
      "rand": {
        "cov_raw": 0.5887819813476264,
        "cov_cont": 0.4857289434517672,
        "red_cont": 0.08646511395826882,
        "sum_rec": 0.25713992470980085
      },
      "agreement": {
        "jacc_llm_bm25": 0.5593926846100759,
        "jacc_llm_mmr": 0.550752242926156,
        "jacc_llm_rand": 0.3440441683919945
      }
    },
    "5": {
      "bm25": {
        "cov_raw": 0.6806663796248562,
        "cov_cont": 0.6029446065049215,
        "red_cont": 0.1007849846411544,
        "sum_rec": 0.3183307893330255
      },
      "mmr": {
        "cov_raw": 0.6797528050157107,
        "cov_cont": 0.6029446065049215,
        "red_cont": 0.09436269310623892,
        "sum_rec": 0.3193896085923653
      },
      "llm": {
        "cov_raw": 0.6666646542206269,
        "cov_cont": 0.5804407514605452,
        "red_cont": 0.10474929798189032,
        "sum_rec": 0.3190382464269961
      },
      "rand": {
        "cov_raw": 0.6253787861403982,
        "cov_cont": 0.5243498502129303,
        "red_cont": 0.08142915124381722,
        "sum_rec": 0.2976780829263389
      },
      "agreement": {
        "jacc_llm_bm25": 0.657142857142857,
        "jacc_llm_mmr": 0.6451690821256038,
        "jacc_llm_rand": 0.4654589371980676
      }
    },
    "6": {
      "bm25": {
        "cov_raw": 0.6896390090335042,
        "cov_cont": 0.6041550978091335,
        "red_cont": 0.09639233813800113,
        "sum_rec": 0.3475898166457398
      },
      "mmr": {
        "cov_raw": 0.6901197041519217,
        "cov_cont": 0.6041550978091335,
        "red_cont": 0.09262697456369996,
        "sum_rec": 0.3490251501450529
      },
      "llm": {
        "cov_raw": 0.6842781348187341,
        "cov_cont": 0.5937939498480954,
        "red_cont": 0.09783181224106655,
        "sum_rec": 0.34887369386133266
      },
      "rand": {
        "cov_raw": 0.6547096556327832,
        "cov_cont": 0.5530707255548282,
        "red_cont": 0.08022461290794235,
        "sum_rec": 0.3315214395798
      },
      "agreement": {
        "jacc_llm_bm25": 0.7519668737060042,
        "jacc_llm_mmr": 0.7484472049689441,
        "jacc_llm_rand": 0.6037267080745341
      }
    }
  },
  "rank_corr": {
    "tau_llm_bm25": 0.41469979296066256,
    "tau_llm_mmr": 0.39461697722567285,
    "tau_llm_rand": -0.004968944099378881
  }
}