{
  "sem_boot": {
    "Llama": {
      "K3": {
        "semred": {
          "MMR-LLM": {
            "mean_delta": 0.005685534716948219,
            "lo": -0.010983658169490703,
            "hi": 0.022785077691348136
          },
          "BM25-LLM": {
            "mean_delta": 0.016223361181176225,
            "lo": 0.00019864578609881195,
            "hi": 0.03233512578640079
          },
          "LLM-Random": {
            "mean_delta": 0.11209105837658263,
            "lo": 0.08953811173934652,
            "hi": 0.13390772805805654
          }
        },
        "semcov": {
          "MMR-LLM": {
            "mean_delta": 0.006576318866100864,
            "lo": 0.0016556268325750379,
            "hi": 0.012068690582569958
          },
          "BM25-LLM": {
            "mean_delta": 0.006612884976725648,
            "lo": 0.0015512751129226408,
            "hi": 0.012143322097650473
          },
          "LLM-Random": {
            "mean_delta": 0.013758164247416932,
            "lo": 0.007777358321000593,
            "hi": 0.020072740485648742
          }
        }
      },
      "K4": {
        "semred": {
          "MMR-LLM": {
            "mean_delta": 0.010369101263906645,
            "lo": -0.0032127129011180087,
            "hi": 0.023715711427663544
          },
          "BM25-LLM": {
            "mean_delta": 0.01996607333421707,
            "lo": 0.006787006910080494,
            "hi": 0.03285468532933273
          },
          "LLM-Random": {
            "mean_delta": 0.09512716238049493,
            "lo": 0.07725806822325441,
            "hi": 0.11304708710831143
          }
        },
        "semcov": {
          "MMR-LLM": {
            "mean_delta": 0.004286054748555888,
            "lo": 4.069599120513266e-05,
            "hi": 0.009067551979552144
          },
          "BM25-LLM": {
            "mean_delta": 0.004232985796271891,
            "lo": -7.871563019959788e-05,
            "hi": 0.00903613432324019
          },
          "LLM-Random": {
            "mean_delta": 0.010197111327147138,
            "lo": 0.005329559264245672,
            "hi": 0.015082563514132855
          }
        }
      },
      "K5": {
        "semred": {
          "MMR-LLM": {
            "mean_delta": 0.01871413387682127,
            "lo": 0.007050859609051891,
            "hi": 0.030258379111039464
          },
          "BM25-LLM": {
            "mean_delta": 0.028892678799836532,
            "lo": 0.017715648406225703,
            "hi": 0.039736064488905064
          },
          "LLM-Random": {
            "mean_delta": 0.06967848204616187,
            "lo": 0.05584316301065079,
            "hi": 0.08347191663917856
          }
        },
        "semcov": {
          "MMR-LLM": {
            "mean_delta": 0.005152338721613953,
            "lo": 0.0014203126345207727,
            "hi": 0.009505732964346373
          },
          "BM25-LLM": {
            "mean_delta": 0.004717502624228381,
            "lo": 0.001032436291916647,
            "hi": 0.009062225764644318
          },
          "LLM-Random": {
            "mean_delta": 0.0038967936151269554,
            "lo": -0.0006217526423110478,
            "hi": 0.007774104872799437
          }
        }
      },
      "K6": {
        "semred": {
          "MMR-LLM": {
            "mean_delta": 0.02199645115845445,
            "lo": 0.012923221047157827,
            "hi": 0.031109852112721704
          },
          "BM25-LLM": {
            "mean_delta": 0.028665171045324078,
            "lo": 0.02002563328090785,
            "hi": 0.037458269719196406
          },
          "LLM-Random": {
            "mean_delta": 0.05156732048245444,
            "lo": 0.04208326170571904,
            "hi": 0.06126705700882534
          }
        },
        "semcov": {
          "MMR-LLM": {
            "mean_delta": 0.0031073174398878346,
            "lo": 0.0005022290478581969,
            "hi": 0.006379794500012328
          },
          "BM25-LLM": {
            "mean_delta": 0.002389436938624451,
            "lo": -0.00025027277892914363,
            "hi": 0.0057127618697890336
          },
          "LLM-Random": {
            "mean_delta": 0.003354946534702743,
            "lo": -7.984345265920609e-05,
            "hi": 0.006224759621140747
          }
        }
      }
    },
    "Qwen": {
      "K3": {
        "semred": {
          "MMR-LLM": {
            "mean_delta": -0.02264675938024901,
            "lo": -0.03636042714064968,
            "hi": -0.008688791334440097
          },
          "BM25-LLM": {
            "mean_delta": -0.012108932916021001,
            "lo": -0.025142040636822363,
            "hi": 0.001067511484539809
          },
          "LLM-Random": {
            "mean_delta": 0.14042335247377988,
            "lo": 0.1183288554461214,
            "hi": 0.16201975668895233
          }
        },
        "semcov": {
          "MMR-LLM": {
            "mean_delta": 0.0010271778573160586,
            "lo": -0.002095646750235903,
            "hi": 0.004286010154131527
          },
          "BM25-LLM": {
            "mean_delta": 0.0010637439679408419,
            "lo": -0.001965951340785925,
            "hi": 0.004219209370405777
          },
          "LLM-Random": {
            "mean_delta": 0.019307305256201737,
            "lo": 0.012936557958617914,
            "hi": 0.026289273589255587
          }
        }
      },
      "K4": {
        "semred": {
          "MMR-LLM": {
            "mean_delta": -0.014952641822721647,
            "lo": -0.026455427336142114,
            "hi": -0.003476491690869785
          },
          "BM25-LLM": {
            "mean_delta": -0.0053556697524112205,
            "lo": -0.016442106315947096,
            "hi": 0.005877859411572187
          },
          "LLM-Random": {
            "mean_delta": 0.12044890546712322,
            "lo": 0.10292056325175192,
            "hi": 0.13745673592377833
          }
        },
        "semcov": {
          "MMR-LLM": {
            "mean_delta": -0.0007376344307609226,
            "lo": -0.003247241027977156,
            "hi": 0.0018117470283439184
          },
          "BM25-LLM": {
            "mean_delta": -0.0007907033830449201,
            "lo": -0.0032494639680869337,
            "hi": 0.0017645018105057685
          },
          "LLM-Random": {
            "mean_delta": 0.015220800506463949,
            "lo": 0.010348469155260186,
            "hi": 0.020590170803547334
          }
        }
      },
      "K5": {
        "semred": {
          "MMR-LLM": {
            "mean_delta": -0.0026634452135666556,
            "lo": -0.012384480003645454,
            "hi": 0.007010872053603328
          },
          "BM25-LLM": {
            "mean_delta": 0.007515099709448607,
            "lo": -0.0016115224906715793,
            "hi": 0.016621481927408685
          },
          "LLM-Random": {
            "mean_delta": 0.09105606113654979,
            "lo": 0.07936794144519861,
            "hi": 0.10241634393515793
          }
        },
        "semcov": {
          "MMR-LLM": {
            "mean_delta": -0.0002718469370966372,
            "lo": -0.002381472272285517,
            "hi": 0.00183095276787661
          },
          "BM25-LLM": {
            "mean_delta": -0.0007066830344822096,
            "lo": -0.0027147740492786186,
            "hi": 0.0013426634043023206
          },
          "LLM-Random": {
            "mean_delta": 0.009320979273837546,
            "lo": 0.006435972976943721,
            "hi": 0.012248645874037256
          }
        }
      },
      "K6": {
        "semred": {
          "MMR-LLM": {
            "mean_delta": 0.005221586879612743,
            "lo": -0.0026102788854336393,