{
  "n_queries": 125,
  "mean_elapsed_sec": 0.05186237144470215,
  "metrics": {
    "p_at_3_rel2": 0.6906666666666667,
    "r_at_3_rel2": 0.18603842209095098,
    "hit_at_3_rel2": 0.896,
    "ndcg_at_3": 0.663156093740496,
    "p_at_5_rel2": 0.6208,
    "r_at_5_rel2": 0.2720261240907832,
    "hit_at_5_rel2": 0.944,
    "ndcg_at_5": 0.6374474810346554
  }
}