{
  "n_queries": 125,
  "success_rate": 0.984,
  "mean_input_token_count": 7101.16,
  "mean_elapsed_sec": 4.208381452560425,
  "metrics": {
    "p_at_3_rel2": 0.4688346883468835,
    "r_at_3_rel2": 0.11505564727242819,
    "hit_at_3_rel2": 0.7479674796747967,
    "ndcg_at_3": 0.4400113003354721,
    "p_at_5_rel2": 0.4634146341463415,
    "r_at_5_rel2": 0.1849795627601497,
    "hit_at_5_rel2": 0.8861788617886179,
    "ndcg_at_5": 0.44727609125567386
  }
}