{
  "K3": {
    "semred": {
      "MMR-LLM": {
        "mean_delta": 0.005685534716948219,
        "lo": -0.010983658169490703,
        "hi": 0.022785077691348136,
        "p_pos": 0.744
      },
      "BM25-LLM": {
        "mean_delta": 0.016223361181176225,
        "lo": 0.00019864578609881195,
        "hi": 0.03233512578640079,
        "p_pos": 0.9761
      },
      "LLM-Random": {
        "mean_delta": 0.11209105837658263,
        "lo": 0.08953811173934652,
        "hi": 0.13390772805805654,
        "p_pos": 1.0
      }
    },
    "semcov": {
      "MMR-LLM": {
        "mean_delta": 0.006576318866100864,
        "lo": 0.0016556268325750379,
        "hi": 0.012068690582569958,
        "p_pos": 0.9968
      },
      "BM25-LLM": {
        "mean_delta": 0.006612884976725648,
        "lo": 0.0015512751129226408,
        "hi": 0.012143322097650473,
        "p_pos": 0.9956
      },
      "LLM-Random": {
        "mean_delta": 0.013758164247416932,
        "lo": 0.007777358321000593,
        "hi": 0.020072740485648742,
        "p_pos": 1.0
      }
    }
  },
  "K5": {
    "semred": {
      "MMR-LLM": {
        "mean_delta": 0.01871413387682127,
        "lo": 0.007050859609051891,
        "hi": 0.030258379111039464,
        "p_pos": 0.9991
      },
      "BM25-LLM": {
        "mean_delta": 0.028892678799836532,
        "lo": 0.017715648406225703,
        "hi": 0.039736064488905064,
        "p_pos": 1.0
      },
      "LLM-Random": {
        "mean_delta": 0.06967848204616187,
        "lo": 0.05584316301065079,
        "hi": 0.08347191663917856,
        "p_pos": 1.0
      }
    },
    "semcov": {
      "MMR-LLM": {
        "mean_delta": 0.005152338721613953,
        "lo": 0.0014203126345207727,
        "hi": 0.009505732964346373,
        "p_pos": 0.9979
      },
      "BM25-LLM": {
        "mean_delta": 0.004717502624228381,
        "lo": 0.001032436291916647,
        "hi": 0.009062225764644318,
        "p_pos": 0.9955
      },
      "LLM-Random": {
        "mean_delta": 0.0038967936151269554,
        "lo": -0.0006217526423110478,
        "hi": 0.007774104872799437,
        "p_pos": 0.9573
      }
    }
  }
}