{
  "n_queries": 125,
  "success_rate": 1.0,
  "mean_input_token_count": 7334.128,
  "mean_elapsed_sec": 3.918796619415283,
  "metrics": {
    "p_at_3_rel2": 0.5093333333333334,
    "r_at_3_rel2": 0.12601324979140213,
    "hit_at_3_rel2": 0.8,
    "ndcg_at_3": 0.4734591387391044,
    "p_at_5_rel2": 0.40800000000000003,
    "r_at_5_rel2": 0.16216473130987702,
    "hit_at_5_rel2": 0.832,
    "ndcg_at_5": 0.42634417175291217
  }
}