{
  "K3": {
    "semred": {
      "MMR-LLM": {
        "mean_delta": -0.02264675938024901,
        "lo": -0.03636042714064968,
        "hi": -0.008688791334440097,
        "p_pos": 0.0009
      },
      "BM25-LLM": {
        "mean_delta": -0.012108932916021001,
        "lo": -0.025142040636822363,
        "hi": 0.001067511484539809,
        "p_pos": 0.0363
      },
      "LLM-Random": {
        "mean_delta": 0.14042335247377988,
        "lo": 0.1183288554461214,
        "hi": 0.16201975668895233,
        "p_pos": 1.0
      }
    },
    "semcov": {
      "MMR-LLM": {
        "mean_delta": 0.0010271778573160586,
        "lo": -0.002095646750235903,
        "hi": 0.004286010154131527,
        "p_pos": 0.7316
      },
      "BM25-LLM": {
        "mean_delta": 0.0010637439679408419,
        "lo": -0.001965951340785925,
        "hi": 0.004219209370405777,
        "p_pos": 0.7419
      },
      "LLM-Random": {
        "mean_delta": 0.019307305256201737,
        "lo": 0.012936557958617914,
        "hi": 0.026289273589255587,
        "p_pos": 1.0
      }
    }
  },
  "K5": {
    "semred": {
      "MMR-LLM": {
        "mean_delta": -0.0026634452135666556,
        "lo": -0.012384480003645454,
        "hi": 0.007010872053603328,
        "p_pos": 0.2909
      },
      "BM25-LLM": {
        "mean_delta": 0.007515099709448607,
        "lo": -0.0016115224906715793,
        "hi": 0.016621481927408685,
        "p_pos": 0.9435
      },
      "LLM-Random": {
        "mean_delta": 0.09105606113654979,
        "lo": 0.07936794144519861,
        "hi": 0.10241634393515793,
        "p_pos": 1.0
      }
    },
    "semcov": {
      "MMR-LLM": {
        "mean_delta": -0.0002718469370966372,
        "lo": -0.002381472272285517,
        "hi": 0.00183095276787661,
        "p_pos": 0.4017
      },
      "BM25-LLM": {
        "mean_delta": -0.0007066830344822096,
        "lo": -0.0027147740492786186,
        "hi": 0.0013426634043023206,
        "p_pos": 0.2469
      },
      "LLM-Random": {
        "mean_delta": 0.009320979273837546,
        "lo": 0.006435972976943721,
        "hi": 0.012248645874037256,
        "p_pos": 1.0
      }
    }
  }
}