{
  "meta": {
    "run_tag": "exp1",
    "model_kind": "ollama",
    "model_name": "qwen2.5:7b-instruct-q4_K_M",
    "n_examples_used": 345,
    "keep_list": [
      3,
      4,
      5,
      6
    ],
    "mmr_lambda_exp1": 0.7,
    "doc_view_chars": 600,
    "query_trunc_chars": 400,
    "random_seed": 2026,
    "llm_order_seed_base": 0,
    "llm_fallback_rate": 0.0,
    "llm_avg_calls": 1.0,
    "run_name": "qwen",
    "model_name_full": "qwen2.5:7b-instruct-q4_K_M",
    "ollama_temperature": 0.0,
    "ollama_num_predict": 80
  },
  "by_keep": {
    "3": {
      "bm25": {
        "cov_raw": 0.6431180499124477,
        "cov_cont": 0.5864374033127099,
        "red_cont": 0.10760963954191281,
        "sum_rec": 0.24063090995697015
      },
      "mmr": {
        "cov_raw": 0.64319576801222,
        "cov_cont": 0.5865823308489417,
        "red_cont": 0.10287013613338057,
        "sum_rec": 0.23990373299415613
      },
      "llm": {
        "cov_raw": 0.6092099179429363,
        "cov_cont": 0.5294139490372257,
        "red_cont": 0.10993350302619458,
        "sum_rec": 0.23699755957843446
      },
      "rand": {
        "cov_raw": 0.5426424626075691,
        "cov_cont": 0.4401029932186766,
        "red_cont": 0.08781697124845524,
        "sum_rec": 0.2146603351220902
      },
      "agreement": {
        "jacc_llm_bm25": 0.4194202898550724,
        "jacc_llm_mmr": 0.4142028985507247,
        "jacc_llm_rand": 0.25304347826086954
      }
    },
    "4": {
      "bm25": {
        "cov_raw": 0.6670284823856252,
        "cov_cont": 0.5987037748572404,
        "red_cont": 0.10375524854016593,
        "sum_rec": 0.2821988960781883
      },
      "mmr": {
        "cov_raw": 0.666430379282237,
        "cov_cont": 0.5988970115722162,
        "red_cont": 0.09741647180991383,
        "sum_rec": 0.2824109439297738
      },
      "llm": {
        "cov_raw": 0.6394844028033564,
        "cov_cont": 0.5550631281971696,
        "red_cont": 0.10365109349649956,
        "sum_rec": 0.27965678535710536
      },
      "rand": {
        "cov_raw": 0.5887819813476264,
        "cov_cont": 0.4857289434517672,
        "red_cont": 0.08646511395826882,
        "sum_rec": 0.25713992470980085
      },
      "agreement": {
        "jacc_llm_bm25": 0.518095238095238,
        "jacc_llm_mmr": 0.5119944789510006,
        "jacc_llm_rand": 0.3464182194616977
      }
    },
    "5": {
      "bm25": {
        "cov_raw": 0.6806663796248562,
        "cov_cont": 0.6029446065049215,
        "red_cont": 0.1007849846411544,
        "sum_rec": 0.3183307893330255
      },
      "mmr": {
        "cov_raw": 0.6797528050157107,
        "cov_cont": 0.6029446065049215,
        "red_cont": 0.09436269310623892,
        "sum_rec": 0.3193896085923653
      },
      "llm": {
        "cov_raw": 0.6662003914384758,
        "cov_cont": 0.5777678759853,
        "red_cont": 0.0968899166818365,
        "sum_rec": 0.31626871367347126
      },
      "rand": {
        "cov_raw": 0.6253787861403982,
        "cov_cont": 0.5243498502129303,
        "red_cont": 0.08142915124381722,
        "sum_rec": 0.2976780829263389
      },
      "agreement": {
        "jacc_llm_bm25": 0.6178743961352656,
        "jacc_llm_mmr": 0.6092822636300896,
        "jacc_llm_rand": 0.4732919254658385
      }
    },
    "6": {
      "bm25": {
        "cov_raw": 0.6896390090335042,
        "cov_cont": 0.6041550978091335,
        "red_cont": 0.09639233813800113,
        "sum_rec": 0.3475898166457398
      },
      "mmr": {
        "cov_raw": 0.6901197041519217,
        "cov_cont": 0.6041550978091335,
        "red_cont": 0.09262697456369996,
        "sum_rec": 0.3490251501450529
      },
      "llm": {
        "cov_raw": 0.6819264107998512,
        "cov_cont": 0.5907662398261325,
        "red_cont": 0.09310395585461205,
        "sum_rec": 0.34515655252659405
      },
      "rand": {
        "cov_raw": 0.6547096556327832,
        "cov_cont": 0.5530707255548282,
        "red_cont": 0.08022461290794235,
        "sum_rec": 0.3315214395798
      },
      "agreement": {
        "jacc_llm_bm25": 0.7159420289855073,
        "jacc_llm_mmr": 0.7086956521739131,
        "jacc_llm_rand": 0.601656314699793
      }
    }
  },
  "rank_corr": {
    "tau_llm_bm25": 0.32712215320910976,
    "tau_llm_mmr": 0.31573498964803315,
    "tau_llm_rand": -0.017184265010351966
  }
}